{
  "Name": "Test",
  "Colliders": {
    "EdgePoints": [
      {
        "x": 0,
        "y": 0
      },
      {
        "x": 10,
        "y": 0
      },
      {
        "x": 10,
        "y": 10
      },
      {
        "x": 0,
        "y": 10
      },
      {
        "x": 0,
        "y": 0
      }
    ]
  },
  "Layers": [
    {
      "LayerType": "Verse.Core.TileLayers.GroundTileLayer, Assembly-CSharp, Version=0.0.0.0, Culture=neutral, PublicKeyToken=null",
      "Tiles": [
        {
          "Definition": "core.tiles.lightgrass",
          "Position": {
            "x": 0,
            "y": 0
          }
        },
        {
          "Definition": "core.tiles.lightgrass",
          "Position": {
            "x": 4,
            "y": 0
          }
        },
        {
          "Definition": "core.tiles.lightgrass",
          "Position": {
            "x": 8,
            "y": 0
          }
        },
        {
          "Definition": "core.tiles.lightgrass",
          "Position": {
            "x": 0,
            "y": 4
          }
        },
        {
          "Definition": "core.tiles.lightgrass",
          "Position": {
            "x": 4,
            "y": 4
          }
        },
        {
          "Definition": "core.tiles.lightgrass",
          "Position": {
            "x": 8,
            "y": 4
          }
        },
        {
          "Definition": "core.tiles.lightgrass",
          "Position": {
            "x": 0,
            "y": 8
          }
        },
        {
          "Definition": "core.tiles.lightgrass",
          "Position": {
            "x": 4,
            "y": 8
          }
        },
        {
          "Definition": "core.tiles.lightgrass",
          "Position": {
            "x": 8,
            "y": 8
          }
        }
      ]
    },
    {
      "LayerType": "Verse.Core.TileLayers.ObjectTileLayer, Assembly-CSharp",
      "Tiles": [
        {
          "Definition": "core.static.barrel",
          "Position": {
            "x": 1,
            "y": 1
          }
        }
      ]
    }
  ]
}
