{
	"IsCollidable": true,
	"IsTransparentOnPlayerBehind": false,
	"FullName": "core.static.barrel",
	"SpriteInfo": {
		"SpritePath": "Sprites/Objects/barrel",
		"PixelsPerUnit": 16,
		"PivotPoint": {
			"x": 0.0,
			"y": 0.0
		},
		"ColliderShape": 
			[{
				"x": 0.25,
				"y": 0.0625
			}, {
				"x": 0.0625,
				"y": 0.25
			}, {
				"x": 0.25,
				"y": 0.5
			}, {
				"x": 0.75,
				"y": 0.5
			}, {
				"x": 0.9375,
				"y": 0.25
			}, {
				"x": 0.75,
				"y": 0.0625
			}],
		"TransparencyShape": null
	}
}