{
	"IsCollidable": true,
	"IsTransparentOnPlayerBehind": true,
	"FullName": "core.vegetation.tree",
	"SpriteInfo": {
		"SpritePath": "Sprites/Objects/cherrytree",
		"PixelsPerUnit": 16,
		"PivotPoint": {
			"x": 0.333,
			"y": 0.0
		},
		"ColliderShape": 
			[{
				"x": 0.0625,
				"y": 0.125
			}, {
				"x": 0.0625,
				"y": 0.5625
			}, {
				"x": 1,
				"y": 0.5625
			}, {
				"x": 1,
				"y": 0.125
			}],
		"TransparencyShape":
			[{
				"x": 0.5625,
				"y": 0.5
			}, {
				"x": -0.875,
				"y": 1.875
			}, {
				"x": -0.8125,
				"y": 4.6875
			}, {
				"x": 1.875,
				"y": 4.5
			}, {
				"x": 1.4375,
				"y": 1.5
			}]
	}
}